iteration,checkpoint,state_mode,samples,root_samples,tree_queries,max_depth,sim_depth,search_epsilon,action_epsilon,backup,value_target,prior_scale,mean_value_prediction,mean_search_backup,residual_mean,residual_stderr,residual_l1,residual_l2,residual_linf,residual_abs_median,residual_abs_p90,residual_abs_p95,root_residual_mean,root_residual_l1,root_residual_l2,root_residual_linf,mean_search_seconds,total_search_seconds
0,/home/tbecker/code/MatrixAlphaZero.jl/experiments/dubin/dubin-2026-07-20/models_rm_plus_no_transfer_train/oracle0000.jld2,on_policy,256,7,500,5,50,0.3,0.3,sample,search,0.0,0.10769351474732503,0.1448257034571772,0.03713218870985215,0.011046040862575551,0.12618226359139995,0.18025711973870748,0.9596925432309509,0.09228744177412078,0.23555774281106603,0.28054675549203884,0.06395265198416179,0.06395265198416179,0.06420914352228704,0.07524534268548654,0.023294059559702873,5.9632792472839355
10,/home/tbecker/code/MatrixAlphaZero.jl/experiments/dubin/dubin-2026-07-20/models_rm_plus_no_transfer_train/oracle0010.jld2,on_policy,256,8,500,5,50,0.29701346406292445,0.29701346406292445,sample,search,0.0,0.024140095669281436,-0.006830196321103223,-0.030970291990384653,0.009178461984012886,0.0718176110758459,0.14980460909438661,1.0420524366511974,0.03410795229146125,0.13554495548091672,0.2373990880483054,-0.10309410813583694,0.10309410813583694,0.10320670891419206,0.11091169543337553,0.024137115105986595,6.179101467132568
20,/home/tbecker/code/MatrixAlphaZero.jl/experiments/dubin/dubin-2026-07-20/models_rm_plus_no_transfer_train/oracle0020.jld2,on_policy,256,13,500,5,50,0.2940566594488604,0.2940566594488604,sample,search,0.0,-0.03418143996987055,-0.019694868536271684,0.014486571433598874,0.014861368579347299,0.11189525208115485,0.23775876670474133,1.133988107442856,0.03618434295425465,0.291130488863584,0.6923666642716857,-0.03887396955636745,0.03887396955636745,0.03907790191945938,0.046812905556563214,0.023646357469260693,6.053467512130737
30,/home/tbecker/code/MatrixAlphaZero.jl/experiments/dubin/dubin-2026-07-20/models_rm_plus_no_transfer_train/oracle0030.jld2,on_policy,256,7,500,5,50,0.2911292901789257,0.2911292901789257,sample,search,0.0,0.0013480746201821603,-0.023856350087596626,-0.025204424707778787,0.008415494321287319,0.06073729220699721,0.13672783884824974,1.0844903806746005,0.02644837446814381,0.1167199911411708,0.23114995350378803,-0.046835983414239925,0.046835983414239925,0.04706971848011715,0.0509291576111602,0.02417207695543766,6.188051700592041
40,/home/tbecker/code/MatrixAlphaZero.jl/experiments/dubin/dubin-2026-07-20/models_rm_plus_no_transfer_train/oracle0040.jld2,on_policy,256,11,500,5,50,0.28823106322074354,0.28823106322074354,sample,search,0.0,-0.05187946961086709,-0.05121002055415918,0.0006694490567079092,0.014280981249423456,0.1029514498322304,0.2280499652507484,1.143725040435791,0.0301565253793113,0.26832096086126656,0.5575210107690285,-0.028207875869821288,0.028207875869821288,0.02866348394713085,0.03927856299414825,0.022579866461455822,5.78044581413269
50,/home/tbecker/code/MatrixAlphaZero.jl/experiments/dubin/dubin-2026-07-20/models_rm_plus_no_transfer_train/oracle0050.jld2,on_policy,256,11,500,5,50,0.28536168845910936,0.28536168845910936,sample,search,0.0,-0.06184493482396647,-0.08045102886153141,-0.018606094037564958,0.012868306112379222,0.09824257659751459,0.20633099330158403,1.0247378727971734,0.036205323197906716,0.19630250600372667,0.5633228896092519,-0.008835646317955114,0.00925520525243343,0.01052223758493355,0.01983036239799693,0.024305781349539757,6.222280025482178
60,/home/tbecker/code/MatrixAlphaZero.jl/experiments/dubin/dubin-2026-07-20/models_rm_plus_no_transfer_train/oracle0060.jld2,on_policy,256,9,500,5,50,0.2825208786669504,0.2825208786669504,sample,search,0.0,-0.049087046236309106,-0.03727617613434846,0.011810870101960644,0.01239803172352141,0.09589029799269302,0.1983326757244338,1.0056989884627983,0.03543066538941465,0.18880849533444666,0.5193212496346626,0.00917787611624133,0.010364690237295913,0.011750575629775243,0.017788209799081675,0.024721890687942505,6.328804016113281
70,/home/tbecker/code/MatrixAlphaZero.jl/experiments/dubin/dubin-2026-07-20/models_rm_plus_no_transfer_train/oracle0070.jld2,on_policy,256,14,500,5,50,0.27970834947657375,0.27970834947657375,sample,search,0.0,-0.0519686190837092,-0.032302817317986426,0.019665801765722773,0.016244494609366562,0.13839226295861118,0.26014815598633834,1.1723862088620662,0.05430255616864511,0.4290021080899276,0.6550918562578086,0.01435795113106835,0.014807514531226529,0.01751808157917464,0.02854281239704632,0.023532849736511707,6.024409532546997
80,/home/tbecker/code/MatrixAlphaZero.jl/experiments/dubin/dubin-2026-07-20/models_rm_plus_no_transfer_train/oracle0080.jld2,on_policy,256,13,500,5,50,0.27692381935120086,0.27692381935120086,sample,search,0.0,-0.05022700188783347,-0.05850298686375158,-0.008275984975918116,0.015279573305292024,0.13559047614876507,0.2441355337250781,0.9786288021579385,0.04297948331917947,0.48160278348271107,0.6477200381161422,0.03499631716521794,0.03499631716521794,0.03609789661592767,0.05530127002081989,0.023300565779209137,5.964944839477539
90,/home/tbecker/code/MatrixAlphaZero.jl/experiments/dubin/dubin-2026-07-20/models_rm_plus_no_transfer_train/oracle0090.jld2,on_policy,256,14,500,5,50,0.2741670095567856,0.2741670095567856,sample,search,0.0,0.02182026710215723,0.019019874816471223,-0.002800392285686006,0.014481593241227397,0.136125701955098,0.23126945455910577,1.015823265980929,0.06233453609303865,0.3447311429724222,0.5747502633806868,0.06528536462238214,0.06528536462238214,0.0663000051868501,0.08371528788359228,0.023398712277412415,5.990070343017578
100,/home/tbecker/code/MatrixAlphaZero.jl/experiments/dubin/dubin-2026-07-20/models_rm_plus_no_transfer_train/oracle0100.jld2,on_policy,256,12,500,5,50,0.27143764413411264,0.27143764413411264,sample,search,0.0,0.041049022609513486,0.07205695182630369,0.031007929216790214,0.014193722201242273,0.13906648602487903,0.22876677622734712,1.1516672383546829,0.07454573281565686,0.3326101264507446,0.6205482108653344,0.06983509734294573,0.06983509734294573,0.0708317111255436,0.09023067744939404,0.024103359319269657,6.170459985733032
110,/home/tbecker/code/MatrixAlphaZero.jl/experiments/dubin/dubin-2026-07-20/models_rm_plus_no_transfer_train/oracle0110.jld2,on_policy,256,19,500,5,50,0.26873544987117387,0.26873544987117387,sample,search,0.0,0.10857234957438777,0.12144146831075166,0.012869118736363868,0.01837171916073085,0.21753173294843303,0.293654951893963,0.9790103247805947,0.15755889857928862,0.47761076097806365,0.6646428883928789,0.06334528852233734,0.06334528852233734,0.06447713867707792,0.08415445443440205,0.0194482384249568,4.97874903678894
120,/home/tbecker/code/MatrixAlphaZero.jl/experiments/dubin/dubin-2026-07-20/models_rm_plus_no_transfer_train/oracle0120.jld2,on_policy,256,18,500,5,50,0.26606015627581914,0.26606015627581914,sample,search,0.0,0.10057230071834056,0.14121459146790155,0.04064229074956097,0.017241990524298277,0.2068370757921296,0.27831598282091113,1.102512937814253,0.14270362050858118,0.4818356846780688,0.5731579008016907,0.08660997347897458,0.08660997347897458,0.08706173947568502,0.10065716475798642,0.018073460087180138,4.626805782318115
130,/home/tbecker/code/MatrixAlphaZero.jl/experiments/dubin/dubin-2026-07-20/models_rm_plus_no_transfer_train/oracle0130.jld2,on_policy,256,21,500,5,50,0.2634114955486802,0.2634114955486802,sample,search,0.0,0.13988175040867645,0.18275605172522755,0.042874301316551046,0.01881408407946312,0.22244773477162724,0.30348063274186854,1.341788902576395,0.15395624711774702,0.48270657623855484,0.6211147263728025,0.07984406935917199,0.07984406935917199,0.08126294160699675,0.10046212471547156,0.018957157619297504,4.853032350540161
140,/home/tbecker/code/MatrixAlphaZero.jl/experiments/dubin/dubin-2026-07-20/models_rm_plus_no_transfer_train/oracle0140.jld2,on_policy,256,21,500,5,50,0.26078920255636373,0.26078920255636373,sample,search,0.0,0.17833483031427022,0.146581056716683,-0.03175377359758725,0.0200421860281219,0.22826148125596107,0.32161942329106497,1.3576922186017035,0.15624690436609065,0.43249965919711275,0.6733989536166191,0.11134215375700794,0.11134215375700794,0.11178607315070496,0.12775420894762013,0.019625348970294,5.024089336395264
150,/home/tbecker/code/MatrixAlphaZero.jl/experiments/dubin/dubin-2026-07-20/models_rm_plus_no_transfer_train/oracle0150.jld2,on_policy,256,22,500,5,50,0.25819301480491086,0.25819301480491086,sample,search,0.0,0.11266985081601888,0.09217290315308359,-0.020496947662935257,0.019879845760095882,0.21716602658173872,0.31811669723864494,1.7787229034900665,0.1473584009505215,0.4391065673049397,0.557028282408038,0.0816637872942405,0.0816637872942405,0.08275057341481194,0.10440145684207877,0.018673704005777836,4.780468225479126
160,/home/tbecker/code/MatrixAlphaZero.jl/experiments/dubin/dubin-2026-07-20/models_rm_plus_no_transfer_train/oracle0160.jld2,on_policy,256,20,500,5,50,0.2556226724135217,0.2556226724135217,sample,search,0.0,0.1610218641362735,0.16103113809398156,9.273957708045644e-6,0.01982916118490291,0.21852893653680372,0.31664631148444744,1.7468581023216248,0.14935942327047838,0.4523025806154233,0.6428139294236146,0.07558911226240973,0.07558911226240973,0.07674080570451265,0.10465631548161189,0.01909675356000662,4.888768911361694
170,/home/tbecker/code/MatrixAlphaZero.jl/experiments/dubin/dubin-2026-07-20/models_rm_plus_no_transfer_train/oracle0170.jld2,on_policy,256,27,500,5,50,0.25307791808854085,0.25307791808854085,sample,search,0.0,0.07540177349437727,0.08551175905572371,0.010109985561346468,0.017216993358717167,0.19182870803763674,0.2751191581626931,1.1015962160948864,0.13458865161853067,0.4164683637056879,0.5391469773750723,0.05679681003675369,0.05679681003675369,0.05784786756742266,0.0764992427208193,0.020350786857306957,5.209801435470581
180,/home/tbecker/code/MatrixAlphaZero.jl/experiments/dubin/dubin-2026-07-20/models_rm_plus_no_transfer_train/oracle0180.jld2,on_policy,256,16,500,5,50,0.25055849709770184,0.25055849709770184,sample,search,0.0,0.10624761387589388,0.10091955142939861,-0.005328062446495275,0.016804228370535332,0.19038333890163026,0.26839489840038944,1.1939092291295528,0.14015549213488648,0.4413824945377547,0.5364166847099479,0.009859609486544598,0.018440945954635905,0.02056365687337612,0.038384153463140815,0.018986557610332966,4.860558748245239
190,/home/tbecker/code/MatrixAlphaZero.jl/experiments/dubin/dubin-2026-07-20/models_rm_plus_no_transfer_train/oracle0190.jld2,on_policy,256,23,500,5,50,0.2480641572446288,0.2480641572446288,sample,search,0.0,0.021287651237798855,0.0008797932968616602,-0.020407857940937187,0.018397528254539,0.20165951412094316,0.29449293262192294,1.760137422060915,0.15916548358132615,0.43220823080713316,0.5543817227782075,0.00024454309353370114,0.009130233954537974,0.01188950093617718,0.03197143620512914,0.018660400062799454,4.77706241607666
200,/home/tbecker/code/MatrixAlphaZero.jl/experiments/dubin/dubin-2026-07-20/models_rm_plus_no_transfer_train/oracle0200.jld2,on_policy,256,23,500,5,50,0.24559464884359067,0.24559464884359067,sample,search,0.0,0.07951463267818326,0.09640623744873368,0.016891604770550413,0.015072517764810844,0.17551563574026344,0.24128080780122524,1.00944055933401,0.12717141285260375,0.41430889445521724,0.4949006667129646,0.0016968056413447744,0.013188600855924857,0.0162958056757019,0.034603728400722955,0.00741975475102663,1.8994572162628174
210,/home/tbecker/code/MatrixAlphaZero.jl/experiments/dubin/dubin-2026-07-20/models_rm_plus_no_transfer_train/oracle0210.jld2,on_policy,256,22,500,5,50,0.24314972469450788,0.24314972469450788,sample,search,0.0,0.10793104102776852,0.12024055928241759,0.012309518254649057,0.015078671255374662,0.16095539751311871,0.24110150887274714,0.9706241740890189,0.1056404689319469,0.3952455561458192,0.520315402616463,-0.02064416196198213,0.02139725171602265,0.024761331158175026,0.05596469257213414,0.008012551814317703,2.051213264465332
220,/home/tbecker/code/MatrixAlphaZero.jl/experiments/dubin/dubin-2026-07-20/models_rm_plus_no_transfer_train/oracle0220.jld2,on_policy,256,18,500,5,50,0.2407291400582073,0.2407291400582073,sample,search,0.0,0.07347564463270828,0.07981090613432369,0.006335261501615414,0.016343277804601285,0.18254661769268574,0.26105809992198864,1.1968716077456967,0.12178219052923804,0.39619274974946195,0.5553071240568763,-0.03034376834572499,0.030571651330940877,0.03369152315375158,0.054197775449297714,0.008349227719008923,2.137402296066284
230,/home/tbecker/code/MatrixAlphaZero.jl/experiments/dubin/dubin-2026-07-20/models_rm_plus_no_transfer_train/oracle0230.jld2,on_policy,256,22,500,5,50,0.23833265263192355,0.23833265263192355,sample,search,0.0,0.021438835639855824,0.01047911541860002,-0.010959720221255801,0.015357095577070526,0.15549458740015407,0.24547792880616454,1.3521520354588843,0.08365239916155559,0.36485771520796273,0.5319824953228235,-0.015262103892625471,0.016704732540001134,0.02004226244428219,0.0355994267944339,0.008033566176891327,2.0565929412841797
240,/home/tbecker/code/MatrixAlphaZero.jl/experiments/dubin/dubin-2026-07-20/models_rm_plus_no_transfer_train/oracle0240.jld2,on_policy,256,16,500,5,50,0.2359600225250443,0.2359600225250443,sample,search,0.0,0.10610001171880867,0.0908138334147358,-0.015286178304072875,0.01604473984207819,0.16706269266230803,0.25666954392786184,1.503141691858272,0.09826724042872845,0.4120416818120661,0.5323156051998708,-0.01743710242014472,0.01895589332368071,0.022272674065570156,0.04395907076057625,0.007627595216035843,1.9526643753051758
250,/home/tbecker/code/MatrixAlphaZero.jl/experiments/dubin/dubin-2026-07-20/models_rm_plus_no_transfer_train/oracle0250.jld2,on_policy,256,23,500,5,50,0.23361101223509695,0.23361101223509695,sample,search,0.0,-0.0545932933819131,-0.0839368936129557,-0.029343600231042613,0.014554043459480737,0.15518488867535987,0.2342545475219959,1.1853773669600487,0.09113877531112335,0.3632407618667466,0.4668910594324464,-0.037435705059240876,0.037435705059240876,0.04090972454549357,0.07503537647850723,0.007911956869065762,2.025460958480835
260,/home/tbecker/code/MatrixAlphaZero.jl/experiments/dubin/dubin-2026-07-20/models_rm_plus_no_transfer_train/oracle0260.jld2,on_policy,256,22,500,5,50,0.2312853866239746,0.2312853866239746,sample,search,0.0,-0.023215944929688703,-0.046207682736733244,-0.022991737807044544,0.012319337317861273,0.12595930202937863,0.19806304136551187,1.0969867984056472,0.07134389040823137,0.3209940340160164,0.39787014704560564,-0.040048032669024486,0.040048032669024486,0.04384971489609851,0.07829500553182192,0.008061523549258709,2.0637500286102295
270,/home/tbecker/code/MatrixAlphaZero.jl/experiments/dubin/dubin-2026-07-20/models_rm_plus_no_transfer_train/oracle0270.jld2,on_policy,256,24,500,5,50,0.22898291289439823,0.22898291289439823,sample,search,0.0,-0.029780033386487048,-0.05192536237194563,-0.022145328985458606,0.01452028977734036,0.1465798997808636,0.23292555350679667,1.3366871380209924,0.08084907438450256,0.3336154886470489,0.44686232447624197,-0.027736555489685896,0.028469225994098523,0.033117362509186316,0.056111368204302944,0.008128486573696136,2.080892562866211
280,/home/tbecker/code/MatrixAlphaZero.jl/experiments/dubin/dubin-2026-07-20/models_rm_plus_no_transfer_train/oracle0280.jld2,on_policy,256,23,500,5,50,0.22670336056661372,0.22670336056661372,sample,search,0.0,0.02075767019414343,0.0470989402324485,0.026341270038305078,0.012743584136879746,0.13900258508439525,0.20519647013029454,0.8559769199587886,0.07807184079118623,0.36999295592826037,0.4451848162660339,-0.023284083506564354,0.023284083506564354,0.02614831081399903,0.04501677224117698,0.0077990032732486725,1.9965448379516602
290,/home/tbecker/code/MatrixAlphaZero.jl/experiments/dubin/dubin-2026-07-20/models_rm_plus_no_transfer_train/oracle0290.jld2,on_policy,256,24,500,5,50,0.22444650145532044,0.22444650145532044,sample,search,0.0,-0.013802576060697902,-0.021457074786445013,-0.007654498725747126,0.014479941828892118,0.1348642722103625,0.23135279071065443,1.2326571197807787,0.0673013061141988,0.30145091576386085,0.521625074430702,0.015517576204492725,0.020698173040811247,0.02619638661316127,0.06447228291982512,0.007994323968887329,2.0465469360351562
300,/home/tbecker/code/MatrixAlphaZero.jl/experiments/dubin/dubin-2026-07-20/models_rm_plus_no_transfer_train/oracle0300.jld2,on_policy,256,18,500,5,50,0.22221210964682978,0.22221210964682978,sample,search,0.0,0.006974089301365893,-0.00880927305790643,-0.015783362359272322,0.012874668098089629,0.14620803669857224,0.20619691942300117,0.904183890952039,0.09976488421999699,0.334506236454273,0.4079851197477359,-0.015806763344821693,0.021377423297724654,0.02462477239601856,0.04381100847697793,0.008786092512309551,2.249239683151245
310,/home/tbecker/code/MatrixAlphaZero.jl/experiments/dubin/dubin-2026-07-20/models_rm_plus_no_transfer_train/oracle0310.jld2,on_policy,256,27,500,5,50,0.21999996147645098,0.21999996147645098,sample,search,0.0,-0.08590454137447523,-0.09985065277979555,-0.013946111405320307,0.013444004183690371,0.1226460378192206,0.21513603228784353,1.2904364683628082,0.06461345973960846,0.28517733778111315,0.39703449689117387,0.0036834625277479215,0.014793845221892553,0.01846978770391595,0.0459189271762126,0.010928347706794739,2.797657012939453
320,/home/tbecker/code/MatrixAlphaZero.jl/experiments/dubin/dubin-2026-07-20/models_rm_plus_no_transfer_train/oracle0320.jld2,on_policy,256,27,500,5,50,0.2178098355061022,0.2178098355061022,sample,search,0.0,-0.06946355223772116,-0.13145798458764366,-0.06199443234992251,0.01444862018713675,0.14157937258044556,0.23890956259008073,1.445048008263111,0.07722113555165556,0.3153420564150135,0.48801639961725585,0.0001368617056873351,0.012206728491512362,0.014231079653590868,0.029368688032473042,0.010101999156177044,2.5861117839813232
330,/home/tbecker/code/MatrixAlphaZero.jl/experiments/dubin/dubin-2026-07-20/models_rm_plus_no_transfer_train/oracle0330.jld2,on_policy,256,16,500,5,50,0.2156415125021439,0.2156415125021439,sample,search,0.0,-0.019477206384181045,-0.033035814007932325,-0.013558607623751282,0.012400262581578022,0.130579051543882,0.19847996479286337,1.3333482502698897,0.09090003942271337,0.28961988789596754,0.40623940026677363,-0.006980385406717868,0.013360282751797358,0.016201414719128664,0.03290854730972845,0.01093218382447958,2.7986390590667725
340,/home/tbecker/code/MatrixAlphaZero.jl/experiments/dubin/dubin-2026-07-20/models_rm_plus_no_transfer_train/oracle0340.jld2,on_policy,256,22,500,5,50,0.21349477541343395,0.21349477541343395,sample,search,0.0,0.07171517899405444,0.053029168140239794,-0.01868601085381465,0.014380243972412507,0.1556935095119598,0.2303930950824828,0.99476940109714,0.10047395102946152,0.3625666561327934,0.4699986965028408,0.0007149188312298479,0.012151140154275824,0.015338256942415158,0.03305962565022464,0.010960887186229229,2.8059871196746826
350,/home/tbecker/code/MatrixAlphaZero.jl/experiments/dubin/dubin-2026-07-20/models_rm_plus_no_transfer_train/oracle0350.jld2,on_policy,256,21,500,5,50,0.2113694093496003,0.2113694093496003,sample,search,0.0,0.08647279758588411,0.0600838037063433,-0.026388993879540787,0.01376777940808568,0.14356572552310606,0.22143187486120872,1.1911300821858548,0.09427216967290716,0.314155363747509,0.39663468153092307,-0.005953039744073587,0.013043577509555027,0.015126803681280335,0.031259604092196705,0.010804148390889168,2.765861988067627
360,/home/tbecker/code/MatrixAlphaZero.jl/experiments/dubin/dubin-2026-07-20/models_rm_plus_no_transfer_train/oracle0360.jld2,on_policy,256,20,500,5,50,0.20926520155953027,0.20926520155953027,sample,search,0.0,0.011436392051109578,0.05009456737902088,0.0386581753279113,0.013659580854698835,0.15382435408710968,0.22152519618957014,0.8748066546931786,0.09534146874847359,0.3621046546609594,0.4443667438577489,0.008699320400352649,0.018572457642378172,0.023757214595479404,0.06134642185398865,0.010878094471991062,2.784792184829712
370,/home/tbecker/code/MatrixAlphaZero.jl/experiments/dubin/dubin-2026-07-20/models_rm_plus_no_transfer_train/oracle0370.jld2,on_policy,256,21,500,5,50,0.20718194141007398,0.20718194141007398,sample,search,0.0,-0.130062647156592,-0.1291036568995559,0.0009589902570360646,0.011720476753642198,0.1348847155069642,0.18716346163753012,0.6735396069288254,0.09253651451497077,0.31787965828768144,0.386319477592739,0.008575676003279221,0.015964967346550264,0.01760551776119362,0.03857707662093188,0.011861390434205532,3.036515951156616
380,/home/tbecker/code/MatrixAlphaZero.jl/experiments/dubin/dubin-2026-07-20/models_rm_plus_no_transfer_train/oracle0380.jld2,on_policy,256,23,500,5,50,0.20511942036495975,0.20511942036495975,sample,search,0.0,0.053337346435000654,0.06285076246279193,0.009513416027791264,0.011554727458295019,0.12285334223013683,0.18475929036604477,0.9238331261704864,0.07478115778646562,0.33581741145369903,0.4167993433276679,-0.0014353201582238382,0.011247095261181174,0.015063064580958426,0.04497879209580101,0.010271857492625713,2.6295955181121826
390,/home/tbecker/code/MatrixAlphaZero.jl/experiments/dubin/dubin-2026-07-20/models_rm_plus_no_transfer_train/oracle0390.jld2,on_policy,256,21,500,5,50,0.20307743196391956,0.20307743196391956,sample,search,0.0,-0.1026138506422285,-0.12423126099685583,-0.021617410354627317,0.012061437772835344,0.13196260691591136,0.193815051332901,0.8359107213115701,0.08753359505246071,0.30513265045060733,0.45666737193746904,-0.003313137166814777,0.01865543274630494,0.02213384281810697,0.03829371271569379,0.010605487041175365,2.7150046825408936
400,/home/tbecker/code/MatrixAlphaZero.jl/experiments/dubin/dubin-2026-07-20/models_rm_plus_no_transfer_train/oracle0400.jld2,on_policy,256,21,500,5,50,0.20105577180202203,0.20105577180202203,sample,search,0.0,-0.030619010838563554,-0.027640505738375912,0.002978505100187657,0.014079595448361511,0.14383182681291548,0.22485283749590534,1.5180693560220748,0.08498907860818715,0.34211855778701933,0.4682222429863952,-0.014107667954488609,0.017900403912754142,0.021577539683537334,0.041571342024880664,0.009872728027403355,2.527418375015259
410,/home/tbecker/code/MatrixAlphaZero.jl/experiments/dubin/dubin-2026-07-20/models_rm_plus_no_transfer_train/oracle0410.jld2,on_policy,256,18,500,5,50,0.1990542375092114,0.1990542375092114,sample,search,0.0,-0.1320736346169724,-0.11281601288027374,0.019257621736698687,0.012164185135644944,0.1279427165414631,0.195198726938949,0.981915117019035,0.07516745828404958,0.31458872748518824,0.4235042147565806,0.005140767594979117,0.01888240910575438,0.02233157474492775,0.04257950943941699,0.011146023869514465,2.853382110595703
420,/home/tbecker/code/MatrixAlphaZero.jl/experiments/dubin/dubin-2026-07-20/models_rm_plus_no_transfer_train/oracle0420.jld2,on_policy,256,19,500,5,50,0.19707262873004994,0.19707262873004994,sample,search,0.0,-0.10594426404713886,-0.10618067288245905,-0.0002364088353201824,0.012899981489914005,0.13113476093642812,0.20599632062580395,1.2016273900270462,0.07219907837263695,0.309582577186058,0.3807847529700854,0.009032506832678857,0.017435553189186045,0.020814336979753007,0.04418864600122508,0.010759853757917881,2.7545225620269775
430,/home/tbecker/code/MatrixAlphaZero.jl/experiments/dubin/dubin-2026-07-20/models_rm_plus_no_transfer_train/oracle0430.jld2,on_policy,256,20,500,5,50,0.1951107471036625,0.1951107471036625,sample,search,0.0,-0.1635867475561099,-0.1811964726435185,-0.01760972508740858,0.010369855635877024,0.11424157577421909,0.16652702010313933,0.7386762694331607,0.07413797235621777,0.2690731215330151,0.38411946046869044,0.013773552075880411,0.018121879812990294,0.02207347304799997,0.05077270410897602,0.011205260641872883,2.868546724319458
440,/home/tbecker/code/MatrixAlphaZero.jl/experiments/dubin/dubin-2026-07-20/models_rm_plus_no_transfer_train/oracle0440.jld2,on_policy,256,27,500,5,50,0.19316839624388,0.19316839624388,sample,search,0.0,-0.017152108754089568,-0.002554680762662648,0.014597427991426921,0.011749624140237332,0.1223512611643604,0.18819343798432803,0.8806424601854344,0.07748915831889432,0.2641817645963731,0.4524133734877721,0.01851822062318784,0.01993837993352833,0.023995961379436076,0.05035540329322129,0.010120694525539875,2.590897798538208
450,/home/tbecker/code/MatrixAlphaZero.jl/experiments/dubin/dubin-2026-07-20/models_rm_plus_no_transfer_train/oracle0450.jld2,on_policy,256,19,500,5,50,0.19124538171958133,0.19124538171958133,sample,search,0.0,-0.11704898639436578,-0.10907360048102534,0.007975385913340453,0.011996380248309057,0.12886201144403228,0.1917327756052202,1.0269086140566286,0.08853479890616647,0.31638501731628665,0.41724255596226834,-0.012375511219123994,0.017861936394895285,0.021722564720089165,0.038108605897207784,0.011041439138352871,2.826608419418335
460,/home/tbecker/code/MatrixAlphaZero.jl/experiments/dubin/dubin-2026-07-20/models_rm_plus_no_transfer_train/oracle0460.jld2,on_policy,256,22,500,5,50,0.18934151103523048,0.18934151103523048,sample,search,0.0,-0.1780764533104957,-0.15966256198536116,0.01841389132513451,0.013222856182956894,0.12005366250351147,0.21195346760716136,1.2311895064048675,0.054646963057783965,0.3143725742552552,0.5244105410433153,-0.008404011133460362,0.0207998015962038,0.023934152527690426,0.04188630849523607,0.010541814379394054,2.698704481124878
470,/home/tbecker/code/MatrixAlphaZero.jl/experiments/dubin/dubin-2026-07-20/models_rm_plus_no_transfer_train/oracle0470.jld2,on_policy,256,21,500,5,50,0.18745659361160744,0.18745659361160744,sample,search,0.0,-0.08070048521767603,-0.09079700913965341,-0.010096523921977374,0.010901984928171961,0.12023282874305624,0.17438327045820554,0.6647642565837439,0.07444250111374245,0.2969958344619392,0.3968140726160193,0.002165528270910897,0.024579190888072932,0.029626890237420073,0.07718016422957769,0.01110211294144392,2.8421409130096436
480,/home/tbecker/code/MatrixAlphaZero.jl/experiments/dubin/dubin-2026-07-20/models_rm_plus_no_transfer_train/oracle0480.jld2,on_policy,256,20,500,5,50,0.1855904407667314,0.1855904407667314,sample,search,0.0,0.07294679890037514,0.09053998438163952,0.01759318548126437,0.011103794595378082,0.12638413020116201,0.17818404825221246,0.7398643395245914,0.08607523192641497,0.30356595685320475,0.3796691818495961,-0.0042671612287903836,0.01684247925091405,0.02081595892663797,0.038544424849223755,0.010859133675694466,2.779938220977783
490,/home/tbecker/code/MatrixAlphaZero.jl/experiments/dubin/dubin-2026-07-20/models_rm_plus_no_transfer_train/oracle0490.jld2,on_policy,256,20,500,5,50,0.18374286569697293,0.18374286569697293,sample,search,0.0,-0.017397808624082245,0.006659251485065118,0.02405706010914736,0.011071718080235106,0.11651607663197268,0.17843035660836246,0.996322120346129,0.07196422881090818,0.27189866729087053,0.3586245660897702,-0.0073093882964894216,0.019135342271116244,0.023023743632675762,0.05492245758951214,0.010948415845632553,2.8027944564819336
500,/home/tbecker/code/MatrixAlphaZero.jl/experiments/dubin/dubin-2026-07-20/models_rm_plus_no_transfer_train/oracle0500.jld2,on_policy,256,17,500,5,50,0.18191368345835543,0.18191368345835543,sample,search,0.0,-0.14046033558406634,-0.16025938119859728,-0.019799045614530882,0.01178714712036342,0.1197270487274907,0.18926408983931592,1.5079275339841842,0.07727643416468537,0.24885592295863576,0.3477280087613214,-0.0018051568874780707,0.02288122923735152,0.025866866340622303,0.051337314659224205,0.007581307552754879,1.940814733505249
510,/home/tbecker/code/MatrixAlphaZero.jl/experiments/dubin/dubin-2026-07-20/models_rm_plus_no_transfer_train/oracle0510.jld2,on_policy,256,26,500,5,50,0.18010271094804153,0.18010271094804153,sample,search,0.0,-0.17685949024598813,-0.20059922626908083,-0.02373973602309264,0.012057439257633097,0.11540280768398323,0.19399985731072497,1.5497759855210784,0.07042386729580993,0.2825151937051286,0.4186287640155698,-0.0006544154284470466,0.018622939633452625,0.022236872926525767,0.05979640723172569,0.007606834173202515,1.9473495483398438
520,/home/tbecker/code/MatrixAlphaZero.jl/experiments/dubin/dubin-2026-07-20/models_rm_plus_no_transfer_train/oracle0520.jld2,on_policy,256,23,500,5,50,0.17830976688600467,0.17830976688600467,sample,search,0.0,-0.14003071928891586,-0.13486011444473867,0.005170604844177199,0.011058356529602641,0.11883181030242392,0.17666347580664488,0.7798357010387239,0.07482050252509306,0.25980645508550326,0.3605750274301331,-0.021137090847015184,0.027018810390134696,0.032354552731828815,0.07649061389110445,0.006697436794638634,1.7145438194274902
530,/home/tbecker/code/MatrixAlphaZero.jl/experiments/dubin/dubin-2026-07-20/models_rm_plus_no_transfer_train/oracle0530.jld2,on_policy,256,22,500,5,50,0.17653467179688265,0.17653467179688265,sample,search,0.0,-0.18089944171515526,-0.19044894801761578,-0.009549506302460509,0.009308834515715035,0.0986616606472806,0.14895658790757618,0.6155808948874474,0.05243875149114574,0.23172586848068055,0.3458992707622048,-2.776403504335746e-5,0.011874253667617619,0.013953337724392544,0.026132194867479364,0.007397301495075226,1.8937091827392578
540,/home/tbecker/code/MatrixAlphaZero.jl/experiments/dubin/dubin-2026-07-20/models_rm_plus_no_transfer_train/oracle0540.jld2,on_policy,256,22,500,5,50,0.1747772479920119,0.1747772479920119,sample,search,0.0,-0.11110942587401951,-0.09080303404510073,0.020306391828918777,0.009474906400407799,0.1017722171588836,0.1526587096425035,0.6280293281146802,0.061501701973087325,0.23387370919876443,0.3596104166649059,-0.02081778492917892,0.021383753940833684,0.02749964804052376,0.06279175424239015,0.007706096395850182,1.9727606773376465
550,/home/tbecker/code/MatrixAlphaZero.jl/experiments/dubin/dubin-2026-07-20/models_rm_plus_no_transfer_train/oracle0550.jld2,on_policy,256,19,500,5,50,0.17303731955164084,0.17303731955164084,sample,search,0.0,-0.11709812605113257,-0.12056065962528616,-0.0034625335741535705,0.00924426181016463,0.10362062451433186,0.14765962591224296,0.596986074924469,0.0707029683345771,0.2465320482373401,0.3191613634664218,0.0021939499779381174,0.01921237863770306,0.021988514005746706,0.04019898241475041,0.007648378610610962,1.9579849243164062
560,/home/tbecker/code/MatrixAlphaZero.jl/experiments/dubin/dubin-2026-07-20/models_rm_plus_no_transfer_train/oracle0560.jld2,on_policy,256,21,500,5,50,0.1713147123073202,0.1713147123073202,sample,search,0.0,-0.09618215704540489,-0.10004268910537581,-0.0038605320599709174,0.011371059311549378,0.1129394047970334,0.18162228972186586,1.1861881639536431,0.06575310553614194,0.2577280790194258,0.4102218001698332,-0.004612870928488579,0.016897646987250874,0.02127055590254274,0.042070027524472545,0.007574078626930714,1.9389641284942627
570,/home/tbecker/code/MatrixAlphaZero.jl/experiments/dubin/dubin-2026-07-20/models_rm_plus_no_transfer_train/oracle0570.jld2,on_policy,256,14,500,5,50,0.16960925382446831,0.16960925382446831,sample,search,0.0,-0.08343977694312343,-0.09033045385056361,-0.006890676907440172,0.011447592822010404,0.13463623081840884,0.18293322194170059,0.6821707540333275,0.0941405337435526,0.2930622447269913,0.386869170615654,0.022236860871525314,0.02325426034891535,0.027398765213969598,0.044856786669399656,0.007718639448285103,1.9759716987609863
580,/home/tbecker/code/MatrixAlphaZero.jl/experiments/dubin/dubin-2026-07-20/models_rm_plus_no_transfer_train/oracle0580.jld2,on_policy,256,23,500,5,50,0.1679207733851105,0.1679207733851105,sample,search,0.0,-0.0011625510815065354,0.030635318067435857,0.03179786914894239,0.01239509488413072,0.13503573724155338,0.20047167047988892,0.8098232380151749,0.07710016458682237,0.32278849239827845,0.4962048807571956,0.011950992720644682,0.02251506134898283,0.0271143331715603,0.05213101647772993,0.007621911354362965,1.951209306716919
590,/home/tbecker/code/MatrixAlphaZero.jl/experiments/dubin/dubin-2026-07-20/models_rm_plus_no_transfer_train/oracle0590.jld2,on_policy,256,21,500,5,50,0.16624910197079001,0.16624910197079001,sample,search,0.0,-0.08173267993697664,-0.08373302874510041,-0.002000348808123783,0.012697193636320197,0.1317577696672231,0.20276778981410665,1.1776145806252964,0.07965705275506535,0.3183831181215203,0.4584687033623517,0.001626089242841888,0.019097744101229865,0.02294490072895618,0.04576183444964742,0.007393502630293369,1.8927366733551025
600,/home/tbecker/code/MatrixAlphaZero.jl/experiments/dubin/dubin-2026-07-20/models_rm_plus_no_transfer_train/oracle0600.jld2,on_policy,256,19,500,5,50,0.16459407224564898,0.16459407224564898,sample,search,0.0,-0.14045551791059552,-0.1750703542127803,-0.03461483630218475,0.012222297198379797,0.11797830562121846,0.19822019785489906,1.51494206353426,0.06477298702309724,0.273469042414199,0.3738115822983133,-0.018679813797403758,0.021369276592492867,0.025454063394824533,0.053949087784521454,0.0072074588388204575,1.845109462738037
610,/home/tbecker/code/MatrixAlphaZero.jl/experiments/dubin/dubin-2026-07-20/models_rm_plus_no_transfer_train/oracle0610.jld2,on_policy,256,20,500,5,50,0.16295551853967824,0.16295551853967824,sample,search,0.0,-0.09402315624174662,-0.11190395550146907,-0.017880799259722465,0.01108959831028399,0.12346393936748506,0.177987124833363,0.5488156615495682,0.0744735854996798,0.3482642741212857,0.4033607256198972,-0.000833811339334456,0.015406516271917161,0.020324573633353812,0.049133555511848656,0.007223313674330711,1.849168300628662
620,/home/tbecker/code/MatrixAlphaZero.jl/experiments/dubin/dubin-2026-07-20/models_rm_plus_no_transfer_train/oracle0620.jld2,on_policy,256,22,500,5,50,0.1613332768321331,0.1613332768321331,sample,search,0.0,-0.01801896510005463,0.025445509683905264,0.04346447478395988,0.01319422794438723,0.14415343964765154,0.21513138214960628,1.1415502677857876,0.09812670265104419,0.39186251190935256,0.4442466011643409,-0.009029405292554351,0.01950459932219333,0.025060481366392776,0.061674256937083144,0.007522436790168285,1.925743818283081
630,/home/tbecker/code/MatrixAlphaZero.jl/experiments/dubin/dubin-2026-07-20/models_rm_plus_no_transfer_train/oracle0630.jld2,on_policy,256,21,500,5,50,0.15972718473511538,0.15972718473511538,sample,search,0.0,-0.09069518170144875,-0.11647275475913281,-0.02577757305768409,0.011882560797833695,0.12849204665517294,0.19149222518647813,0.94005980122871,0.0755169314102723,0.3058307900304793,0.4099246935838193,-0.014384479385751249,0.02788141993293955,0.03387479785944807,0.06617266833736427,0.007433399558067322,1.9029502868652344
640,/home/tbecker/code/MatrixAlphaZero.jl/experiments/dubin/dubin-2026-07-20/models_rm_plus_no_transfer_train/oracle0640.jld2,on_policy,256,20,500,5,50,0.15813708147731761,0.15813708147731761,sample,search,0.0,-0.08809855605795747,-0.10382017277544422,-0.015721616717486717,0.014030185033313896,0.14455119634991037,0.22459501933438553,1.2491081911624813,0.07829433992138442,0.351584245422465,0.5398658722273384,-0.01295367500003072,0.023665239414604817,0.028311644801312937,0.058653051987176866,0.00699269212782383,1.7901291847229004
650,/home/tbecker/code/MatrixAlphaZero.jl/experiments/dubin/dubin-2026-07-20/models_rm_plus_no_transfer_train/oracle0650.jld2,on_policy,256,16,500,5,50,0.15656280788793012,0.15656280788793012,sample,search,0.0,0.003155476864776574,0.001007412325477831,-0.002148064539298741,0.011743934756598729,0.12746682205847187,0.18754790079047312,0.9224456151127816,0.08119260317144866,0.29657295850397974,0.38045560913160203,0.018765330284307342,0.02505077057913247,0.031164607013858262,0.07001728821429762,0.007491355761885643,1.9177870750427246
660,/home/tbecker/code/MatrixAlphaZero.jl/experiments/dubin/dubin-2026-07-20/models_rm_plus_no_transfer_train/oracle0660.jld2,on_policy,256,18,500,5,50,0.15500420638070758,0.15500420638070758,sample,search,0.0,-0.22124486702523427,-0.2313569205942889,-0.01011205356905457,0.009475468895289317,0.10809562605462408,0.15164861976856317,0.5771152651602995,0.07603783758115201,0.26135778395930953,0.3408029426457765,-0.004801958309771081,0.012335746977571914,0.013828033066406682,0.022754442000968295,0.007806738838553429,1.9985251426696777
670,/home/tbecker/code/MatrixAlphaZero.jl/experiments/dubin/dubin-2026-07-20/models_rm_plus_no_transfer_train/oracle0670.jld2,on_policy,256,21,500,5,50,0.15346112093819475,0.15346112093819475,sample,search,0.0,-0.09791047673206776,-0.10021635344396075,-0.0023058767118929995,0.01125313072802081,0.12652271099743523,0.17971288105976602,0.6669737351760321,0.07825221110704349,0.3259308892788363,0.3994814652030887,-0.007197117909921161,0.01576098051950143,0.020116778963770517,0.053898469876788646,0.0075114332139492035,1.922926902770996
680,/home/tbecker/code/MatrixAlphaZero.jl/experiments/dubin/dubin-2026-07-20/models_rm_plus_no_transfer_train/oracle0680.jld2,on_policy,256,19,500,5,50,0.1519333970961087,0.1519333970961087,sample,search,0.0,-0.14976516477327095,-0.14212557213954818,0.007639592633722772,0.012554915891022358,0.13013354913612385,0.20063143123255614,0.8136279958360246,0.07596734766759956,0.3205853854104152,0.5010343234596196,0.013991312857806993,0.02105170081710142,0.024917231710190103,0.0569465110712957,0.008049003779888153,2.060544967651367
690,/home/tbecker/code/MatrixAlphaZero.jl/experiments/dubin/dubin-2026-07-20/models_rm_plus_no_transfer_train/oracle0690.jld2,on_policy,256,22,500,5,50,0.150420881927877,0.150420881927877,sample,search,0.0,-0.14519629423739389,-0.16213086447739278,-0.016934570239998874,0.010563410699116453,0.11236777500806289,0.16953205979034316,0.8623169560101451,0.0701446961753599,0.2799199128316708,0.3683336328312102,0.009855763570282014,0.02012398716019281,0.025313254911084174,0.05862353776716016,0.007306531071662903,1.8704719543457031
700,/home/tbecker/code/MatrixAlphaZero.jl/experiments/dubin/dubin-2026-07-20/models_rm_plus_no_transfer_train/oracle0700.jld2,on_policy,256,21,500,5,50,0.1489234240293297,0.1489234240293297,sample,search,0.0,-0.04662707652460085,-0.05248185443174172,-0.005854777907140865,0.011464254744871878,0.12627666843721108,0.1831630648423636,0.6439252206440716,0.07123067168761779,0.32480527748256116,0.40498451929931334,-0.006003390676313621,0.01718804080320985,0.022240670945890988,0.05323901495113745,0.011816943995654583,3.0251376628875732
710,/home/tbecker/code/MatrixAlphaZero.jl/experiments/dubin/dubin-2026-07-20/models_rm_plus_no_transfer_train/oracle0710.jld2,on_policy,256,19,500,5,50,0.14744087350354326,0.14744087350354326,sample,search,0.0,-0.17121368252992397,-0.17815266446709888,-0.006938981937174896,0.008800443062775908,0.09567260182895919,0.1407030134223159,0.69988410298269,0.06451740676542453,0.20653715753621904,0.30006299179006296,0.0037461263740068995,0.015529959211208989,0.019343806271676613,0.04997779657626117,0.010923309251666069,2.7963671684265137
720,/home/tbecker/code/MatrixAlphaZero.jl/experiments/dubin/dubin-2026-07-20/models_rm_plus_no_transfer_train/oracle0720.jld2,on_policy,256,21,500,5,50,0.1459730819458361,0.1459730819458361,sample,search,0.0,-0.10013574713957496,-0.11607726050503235,-0.015941513365457446,0.010667473049626815,0.11588881780850173,0.17109018695071976,0.7715443305373192,0.07091438282442902,0.2798995378485264,0.3608535014615107,0.015288971129175398,0.02093384045154653,0.027172599124972104,0.06496512069249012,0.009457330219447613,2.421076536178589
730,/home/tbecker/code/MatrixAlphaZero.jl/experiments/dubin/dubin-2026-07-20/models_rm_plus_no_transfer_train/oracle0730.jld2,on_policy,256,26,500,5,50,0.14451990242891308,0.14451990242891308,sample,search,0.0,-0.07365530201786896,-0.06963674703841985,0.0040185549794491075,0.00995469888432221,0.10494612561984205,0.15901457921490075,0.8202303925320436,0.06549151129902706,0.22234514472541878,0.35659161116676186,-0.011079183059907738,0.02092987011839622,0.02658501990991146,0.06626901568888882,0.009906449355185032,2.536051034927368
740,/home/tbecker/code/MatrixAlphaZero.jl/experiments/dubin/dubin-2026-07-20/models_rm_plus_no_transfer_train/oracle0740.jld2,on_policy,256,19,500,5,50,0.14308118948815773,0.14308118948815773,sample,search,0.0,-0.06805213481857209,-0.1046564779222794,-0.03660434310370732,0.010581232470551977,0.11104668995819451,0.1728881444344844,1.1004667409956457,0.06777670346039152,0.2386286790063603,0.3956819303372499,-0.0036245115578972384,0.01416350691425893,0.017403175453786675,0.03761108795281906,0.010908067226409912,2.7924652099609375
750,/home/tbecker/code/MatrixAlphaZero.jl/experiments/dubin/dubin-2026-07-20/models_rm_plus_no_transfer_train/oracle0750.jld2,on_policy,256,19,500,5,50,0.1416567991070714,0.1416567991070714,sample,search,0.0,-0.05854140980227385,-0.08392334390029528,-0.025381934098021423,0.011204286881780877,0.12614197059222473,0.1807095291718572,0.6958517065141765,0.08600398388339728,0.28584068627693726,0.40842705755391673,0.004128961828445218,0.02391473084947607,0.031233348146679746,0.07108303016977072,0.010092991404235363,2.583805799484253
760,/home/tbecker/code/MatrixAlphaZero.jl/experiments/dubin/dubin-2026-07-20/models_rm_plus_no_transfer_train/oracle0760.jld2,on_policy,256,22,500,5,50,0.14024658870285686,0.14024658870285686,sample,search,0.0,-0.08967663123621605,-0.09679252216077174,-0.007115890924555713,0.009651714301360975,0.10087960252345353,0.15428969857770689,0.7012249391236564,0.06537378825510716,0.23904395690883368,0.31281032445037904,0.011015529388452417,0.020504848512431742,0.02640540017340585,0.059211311022571544,0.007109509781002998,1.8200345039367676
770,/home/tbecker/code/MatrixAlphaZero.jl/experiments/dubin/dubin-2026-07-20/models_rm_plus_no_transfer_train/oracle0770.jld2,on_policy,256,18,500,5,50,0.13885041711214577,0.13885041711214577,sample,search,0.0,-0.12877773046784569,-0.12052837885832231,0.008249351609523389,0.01018196607948513,0.11096730593813604,0.16280209543842766,0.6963270634905794,0.0671506464231449,0.24936005793762384,0.3314626574475572,-0.002768827124507854,0.019420146140128942,0.023317478615164616,0.06104636324427894,0.0071679940447211266,1.8350064754486084
780,/home/tbecker/code/MatrixAlphaZero.jl/experiments/dubin/dubin-2026-07-20/models_rm_plus_no_transfer_train/oracle0780.jld2,on_policy,256,23,500,5,50,0.13746814457686793,0.13746814457686793,sample,search,0.0,-0.14051254304649774,-0.13099265721970196,0.009519885826795752,0.010743896776288845,0.11564288391111437,0.1718301903064198,0.6947765914797783,0.05722961950303174,0.29364667112467524,0.37998435421197346,0.006798157986391095,0.020523508460132248,0.024091039800001525,0.04772469683777551,0.0072012003511190414,1.8435072898864746
790,/home/tbecker/code/MatrixAlphaZero.jl/experiments/dubin/dubin-2026-07-20/models_rm_plus_no_transfer_train/oracle0790.jld2,on_policy,256,22,500,5,50,0.13609963273026154,0.13609963273026154,sample,search,0.0,-0.16940322431037202,-0.1894513038952733,-0.020048079584901277,0.011628204092638391,0.11710651858912144,0.18676665588952399,0.8700270196199417,0.05713247508680913,0.30731753924158,0.4213171633711273,0.01001047718851216,0.01942862022920079,0.02326520460970649,0.05280413380213768,0.006990522146224976,1.7895736694335938
800,/home/tbecker/code/MatrixAlphaZero.jl/experiments/dubin/dubin-2026-07-20/models_rm_plus_no_transfer_train/oracle0800.jld2,on_policy,256,26,500,5,50,0.13474474458302255,0.13474474458302255,sample,search,0.0,-0.1918869477158296,-0.2181194759175676,-0.026232528201737985,0.010449271632094978,0.104325506676751,0.16891092722020004,0.8832671093940735,0.056940874043279605,0.2182253906309563,0.3238571512699127,0.0065365527758366035,0.020258748040756138,0.026169302178050767,0.05754805485565044,0.006450989283621311,1.6514532566070557
810,/home/tbecker/code/MatrixAlphaZero.jl/experiments/dubin/dubin-2026-07-20/models_rm_plus_no_transfer_train/oracle0810.jld2,on_policy,256,21,500,5,50,0.13340334450959165,0.13340334450959165,sample,search,0.0,-0.02783681715663988,0.0032566524109111316,0.03109346956755101,0.009975223446154634,0.10882798729913115,0.16229787418179595,0.6211180922773664,0.06234526888801577,0.28023300140198604,0.3558289163923447,0.006888241790855956,0.022048051427117195,0.027221184397943222,0.048435299610209474,0.006975318305194378,1.7856814861297607
820,/home/tbecker/code/MatrixAlphaZero.jl/experiments/dubin/dubin-2026-07-20/models_rm_plus_no_transfer_train/oracle0820.jld2,on_policy,256,20,500,5,50,0.13207529823457845,0.13207529823457845,sample,search,0.0,-0.13413590670825215,-0.15726828950182406,-0.02313238279357194,0.010435025719352377,0.11845045654633635,0.16823197194175799,0.512778045697358,0.07611593662646396,0.30051206427726385,0.39374481496488567,0.0166518493358502,0.02769047667472128,0.03152750499083115,0.054043177576543464,0.007260151207447052,1.8585987091064453
830,/home/tbecker/code/MatrixAlphaZero.jl/experiments/dubin/dubin-2026-07-20/models_rm_plus_no_transfer_train/oracle0830.jld2,on_policy,256,22,500,5,50,0.13076047281932,0.13076047281932,sample,search,0.0,-0.08986211319279391,-0.10846677549382595,-0.018604662301032047,0.01008617851044777,0.11446762443698523,0.16213431987155935,0.6244193294818539,0.07804666095815838,0.2655643550035307,0.3516799810550799,-0.012720579801215838,0.02496341090455073,0.02862290057635102,0.055340230544470986,0.006837168708443642,1.7503151893615723
840,/home/tbecker/code/MatrixAlphaZero.jl/experiments/dubin/dubin-2026-07-20/models_rm_plus_no_transfer_train/oracle0840.jld2,on_policy,256,22,500,5,50,0.12945873664857369,0.12945873664857369,sample,search,0.0,-0.0594022534423857,-0.04496396549268763,0.014438287949698078,0.011060798793503052,0.1236414107975833,0.1772159360674424,0.6966100560000673,0.07937291027286425,0.2842433127171353,0.3916284096371713,-0.01119998365276051,0.025702693244608263,0.03107541530207695,0.07247620156697261,0.006240055896341801,1.597454309463501
850,/home/tbecker/code/MatrixAlphaZero.jl/experiments/dubin/dubin-2026-07-20/models_rm_plus_no_transfer_train/oracle0850.jld2,on_policy,256,18,500,5,50,0.12816995941734247,0.12816995941734247,sample,search,0.0,-0.11973796609527199,-0.12427732796826604,-0.004539361872994086,0.013062610996473396,0.13454391239628244,0.20864255641583973,1.2802964025735855,0.08655119409959572,0.3120087024371089,0.45730313712853093,-0.022240956548170335,0.026914327254809394,0.03495561265070899,0.06760301493235704,0.006907222792506218,1.7682490348815918
860,/home/tbecker/code/MatrixAlphaZero.jl/experiments/dubin/dubin-2026-07-20/models_rm_plus_no_transfer_train/oracle0860.jld2,on_policy,256,21,500,5,50,0.1268940121178311,0.1268940121178311,sample,search,0.0,-0.08830523194046691,-0.11449821829088136,-0.026192986350414473,0.009743722542828275,0.10731282864822504,0.15778404680707134,0.6740061175468569,0.06395805997495102,0.2574975013731283,0.3218871776681471,0.006751856988470773,0.024260587543544754,0.028908649107833664,0.05845938153311934,0.007238307967782021,1.8530068397521973
870,/home/tbecker/code/MatrixAlphaZero.jl/experiments/dubin/dubin-2026-07-20/models_rm_plus_no_transfer_train/oracle0870.jld2,on_policy,256,24,500,5,50,0.12563076702653245,0.12563076702653245,sample,search,0.0,-0.10172620336379623,-0.07554987066319507,0.02617633270060117,0.011417100415534504,0.11872069402959022,0.18418603849842718,0.8856227570623092,0.06697472803961706,0.256185710699943,0.37809683390845467,-0.020377867616024403,0.024501111419025418,0.030882404935147233,0.06419868614758552,0.0068515995517373085,1.754009485244751
880,/home/tbecker/code/MatrixAlphaZero.jl/experiments/dubin/dubin-2026-07-20/models_rm_plus_no_transfer_train/oracle0880.jld2,on_policy,256,20,500,5,50,0.1243800976914421,0.1243800976914421,sample,search,0.0,-0.0823592477972852,-0.06601899363962119,0.01634025415766401,0.009849712993376001,0.10841693563083035,0.15813380299343485,0.8334190728962422,0.06531967737642154,0.2618867041896716,0.3189895533281695,0.004369515387716229,0.020620671770054975,0.025330257675142423,0.051985655652080576,0.006938456557691097,1.776244878768921
890,/home/tbecker/code/MatrixAlphaZero.jl/experiments/dubin/dubin-2026-07-20/models_rm_plus_no_transfer_train/oracle0890.jld2,on_policy,256,22,500,5,50,0.12314187891940057,0.12314187891940057,sample,search,0.0,-0.1750452082051197,-0.20230773103242844,-0.0272625228273087,0.009978531874553654,0.09781258790993344,0.16165975143998507,1.0715641175861537,0.05623730201047557,0.21961702874570416,0.3346191232175817,-0.006928588563354301,0.019612658194064967,0.023707384544655378,0.04316183461906843,0.006782619282603264,1.7363505363464355
900,/home/tbecker/code/MatrixAlphaZero.jl/experiments/dubin/dubin-2026-07-20/models_rm_plus_no_transfer_train/oracle0900.jld2,on_policy,256,23,500,5,50,0.12191598676356125,0.12191598676356125,sample,search,0.0,0.028004851861624047,0.022510818843899237,-0.00549403301772482,0.01204878441436351,0.1149719033500037,0.19248208200783562,1.1254274543225766,0.06287833695290485,0.2816956013073154,0.49307599506974426,-5.923046906114931e-6,0.019137980873596895,0.024233520019824806,0.06111565774057265,0.006922202184796333,1.7720837593078613
910,/home/tbecker/code/MatrixAlphaZero.jl/experiments/dubin/dubin-2026-07-20/models_rm_plus_no_transfer_train/oracle0910.jld2,on_policy,256,28,500,5,50,0.12070229851098326,0.12070229851098326,sample,search,0.0,-0.031114299097680487,-0.013615992823605656,0.01749830627407482,0.012729658937140448,0.13853158025555326,0.2040281009315159,0.8452816881835461,0.08256748246596138,0.32495605898906493,0.46538978919226104,-0.0021779194283866677,0.02083956386603893,0.025197059539638245,0.047664506836594164,0.006846071220934391,1.752594232559204
920,/home/tbecker/code/MatrixAlphaZero.jl/experiments/dubin/dubin-2026-07-20/models_rm_plus_no_transfer_train/oracle0920.jld2,on_policy,256,21,500,5,50,0.11950069267034767,0.11950069267034767,sample,search,0.0,-0.06735316119738854,-0.10305946825782186,-0.03570630706043331,0.01303450898313313,0.1432169617449289,0.21118484461223874,0.9047151036560536,0.08266749124698386,0.3705935810555001,0.46966138587436956,0.006090276948211611,0.023344335878365496,0.028030110778584503,0.05966815920642312,0.006521250121295452,1.6694400310516357
930,/home/tbecker/code/MatrixAlphaZero.jl/experiments/dubin/dubin-2026-07-20/models_rm_plus_no_transfer_train/oracle0930.jld2,on_policy,256,20,500,5,50,0.11831104895979631,0.11831104895979631,sample,search,0.0,-0.1501899742288515,-0.16515202204104484,-0.014962047812193322,0.010352544484436543,0.1101527623555353,0.1659925693722611,0.6825569895102845,0.06468568390654342,0.2672100337573663,0.3467699562074668,-0.009142027164574962,0.01610978739029302,0.019909545872850425,0.04866845800506005,0.006975475698709488,1.785721778869629
940,/home/tbecker/code/MatrixAlphaZero.jl/experiments/dubin/dubin-2026-07-20/models_rm_plus_no_transfer_train/oracle0940.jld2,on_policy,256,25,500,5,50,0.11713324829489119,0.11713324829489119,sample,search,0.0,-0.12030572824005503,-0.1364874663085401,-0.016181738068485052,0.009457136171933155,0.10557301749513903,0.15188282297024608,0.6700333326298005,0.06462836398334193,0.2612305989139045,0.3498891449183068,0.005670358079129465,0.023719403394403232,0.0289178190980335,0.06445709713809433,0.006801379844546318,1.7411532402038574
950,/home/tbecker/code/MatrixAlphaZero.jl/experiments/dubin/dubin-2026-07-20/models_rm_plus_no_transfer_train/oracle0950.jld2,on_policy,256,22,500,5,50,0.11596717277669424,0.11596717277669424,sample,search,0.0,-0.05837046685337555,-0.06736919110779553,-0.008998724254419988,0.01229115116538613,0.13087436121543392,0.19648012180791255,1.0219061482093559,0.08175971781713762,0.3111044782586043,0.3813226538870593,-0.007298373390514568,0.026481669966346818,0.031250122330746435,0.06741949945667469,0.006905785761773586,1.767881155014038
960,/home/tbecker/code/MatrixAlphaZero.jl/experiments/dubin/dubin-2026-07-20/models_rm_plus_no_transfer_train/oracle0960.jld2,on_policy,256,24,500,5,50,0.11481270567996543,0.11481270567996543,sample,search,0.0,-0.11360469490318792,-0.11530762184357203,-0.0017029269403841054,0.011090481144897588,0.11609500744129235,0.17710896879216237,1.200288515210152,0.07265483257830652,0.2713788040748367,0.351809344114543,-0.0005186508537434034,0.02092515379338407,0.027024859413212865,0.06090238033868539,0.010252945125102997,2.624753952026367
970,/home/tbecker/code/MatrixAlphaZero.jl/experiments/dubin/dubin-2026-07-20/models_rm_plus_no_transfer_train/oracle0970.jld2,on_policy,256,17,500,5,50,0.11366973144147843,0.11366973144147843,sample,search,0.0,-0.12979486929543782,-0.11546676489694598,0.014328104398491857,0.011144345295197871,0.11977265326656943,0.17853678822751579,0.7675665543377399,0.06918892462313952,0.2726294035380367,0.4291738786982878,-0.006771195372254598,0.024588563152035815,0.027400213793501313,0.049126325303107135,0.010845743119716644,2.776510238647461
980,/home/tbecker/code/MatrixAlphaZero.jl/experiments/dubin/dubin-2026-07-20/models_rm_plus_no_transfer_train/oracle0980.jld2,on_policy,256,20,500,5,50,0.11253813564845276,0.11253813564845276,sample,search,0.0,-0.16196224583109142,-0.195753476184591,-0.03379123035349963,0.010689173613232506,0.11035967350044773,0.17400502160836887,0.7895037227126169,0.06333801186557833,0.2848590491071574,0.3548631205515279,-0.012096537489577975,0.02175863646484564,0.026527917506989605,0.06307528759086473,0.010257644578814507,2.6259570121765137
990,/home/tbecker/code/MatrixAlphaZero.jl/experiments/dubin/dubin-2026-07-20/models_rm_plus_no_transfer_train/oracle0990.jld2,on_policy,256,20,500,5,50,0.11141780502710083,0.11141780502710083,sample,search,0.0,-0.24028393824846717,-0.2384219751682659,0.0018619630802012392,0.010061158328314675,0.10486135012742269,0.16067460336936593,0.8274004555046558,0.061050533130517115,0.26969818674997953,0.34815656299369246,0.005682737924672318,0.021238411678687116,0.02610713381662464,0.049106362669836444,0.010347392410039902,2.648932456970215
1000,/home/tbecker/code/MatrixAlphaZero.jl/experiments/dubin/dubin-2026-07-20/models_rm_plus_no_transfer_train/oracle1000.jld2,on_policy,256,23,500,5,50,0.11030862743128912,0.11030862743128912,sample,search,0.0,-0.18711478242767043,-0.16306133104563506,0.024053451382035365,0.009796352157707801,0.09727063356609998,0.15827362383174795,0.6257126922011376,0.04987315796887726,0.2595030755195948,0.3970108328073042,-0.008431461475443765,0.020632587900820815,0.026334057127329433,0.06671877770471832,0.008935869671404362,2.2875826358795166
1010,/home/tbecker/code/MatrixAlphaZero.jl/experiments/dubin/dubin-2026-07-20/models_rm_plus_no_transfer_train/oracle1010.jld2,on_policy,256,17,500,5,50,0.10921049183131237,0.10921049183131237,sample,search,0.0,-0.12318775097082835,-0.11644140031601388,0.006746350654814442,0.011175944094125945,0.1201018269462551,0.1785929827229782,0.6793074039816857,0.06966353161267873,0.29771436418856717,0.41095417887777774,-0.012213077284510251,0.022718847848530677,0.028845201241625523,0.05584123078128117,0.0089500043541193,2.291201114654541
1020,/home/tbecker/code/MatrixAlphaZero.jl/experiments/dubin/dubin-2026-07-20/models_rm_plus_no_transfer_train/oracle1020.jld2,on_policy,256,17,500,5,50,0.10812328830277936,0.10812328830277936,sample,search,0.0,-0.1564136396991671,-0.16794777932666607,-0.011534139627498935,0.010590215634124558,0.11167752265731261,0.16950506336728405,1.125558589965105,0.07169611668785697,0.2608021353616462,0.3505599150497261,-0.0038410530847781594,0.02072919596815562,0.023636116898513648,0.03986269347927843,0.009406751953065395,2.408128499984741
1030,/home/tbecker/code/MatrixAlphaZero.jl/experiments/dubin/dubin-2026-07-20/models_rm_plus_no_transfer_train/oracle1030.jld2,on_policy,256,19,500,5,50,0.10704690801560925,0.10704690801560925,sample,search,0.0,-0.2662532446629484,-0.2599465891970066,0.006306655465941787,0.008650370825796441,0.0977586751281542,0.13827923682257073,0.6169896552337564,0.062250678272211896,0.2347556755349832,0.30545245097600177,-0.013338052169502256,0.020126843590968394,0.025665057673153295,0.0618612849204383,0.009070254862308502,2.3219852447509766
1040,/home/tbecker/code/MatrixAlphaZero.jl/experiments/dubin/dubin-2026-07-20/models_rm_plus_no_transfer_train/oracle1040.jld2,on_policy,256,20,500,5,50,0.10598124322313779,0.10598124322313779,sample,search,0.0,0.013142219198925886,0.021804118724797365,0.008661899525871469,0.012277622041858996,0.1298936219997831,0.1962491510022284,0.7727231831550598,0.066728966610959,0.34724901291274657,0.4547465568961614,-0.025036683285390736,0.028374175320155837,0.03324018177085416,0.0592684945088581,0.00878729484975338,2.2495474815368652
1050,/home/tbecker/code/MatrixAlphaZero.jl/experiments/dubin/dubin-2026-07-20/models_rm_plus_no_transfer_train/oracle1050.jld2,on_policy,256,22,500,5,50,0.10492618725133164,0.10492618725133164,sample,search,0.0,-0.07769589336385252,-0.07009951831355585,0.0075963750502966495,0.008759223265423085,0.09227287249278548,0.14007970205691714,0.6172933169533527,0.05177533113934382,0.22561845443323003,0.32251145287170124,-0.0019118500396862873,0.022477233042427665,0.025230813078639367,0.0475693555844561,0.008537833578884602,2.185685396194458
1060,/home/tbecker/code/MatrixAlphaZero.jl/experiments/dubin/dubin-2026-07-20/models_rm_plus_no_transfer_train/oracle1060.jld2,on_policy,256,22,500,5,50,0.10388163448811023,0.10388163448811023,sample,search,0.0,-0.18531457299832255,-0.19788277183407005,-0.012568198835747514,0.008984596741529257,0.09482916361316825,0.14402193988066167,0.7138079133040014,0.05789285659166814,0.2104659984432612,0.31754176166660125,-0.006768939760390022,0.020567925107524282,0.024652609875024063,0.0565085856012649,0.008954834192991257,2.2924375534057617
1070,/home/tbecker/code/MatrixAlphaZero.jl/experiments/dubin/dubin-2026-07-20/models_rm_plus_no_transfer_train/oracle1070.jld2,on_policy,256,23,500,5,50,0.10284748037277396,0.10284748037277396,sample,search,0.0,-0.2491425192420138,-0.25390662085060955,-0.004764101608595816,0.007794583536651299,0.08350349483780559,0.12456065773005964,0.45459527541991174,0.05001235736136156,0.21545541182333894,0.3029253736353258,-0.00389704775485076,0.02039106312704744,0.0272913489050396,0.0744542292577316,0.009273795410990715,2.374091625213623
1080,/home/tbecker/code/MatrixAlphaZero.jl/experiments/dubin/dubin-2026-07-20/models_rm_plus_no_transfer_train/oracle1080.jld2,on_policy,256,21,500,5,50,0.10182362138553742,0.10182362138553742,sample,search,0.0,-0.20326888872659765,-0.192204839923825,0.01106404880277264,0.0095216492348057,0.10155911306423993,0.15245055996726453,0.6672651006382573,0.06348486337132206,0.24460778566873062,0.3442199932172821,-0.013058800504462408,0.023283027215919117,0.027321560063228525,0.06439507242734668,0.009268405847251415,2.3727118968963623
1090,/home/tbecker/code/MatrixAlphaZero.jl/experiments/dubin/dubin-2026-07-20/models_rm_plus_no_transfer_train/oracle1090.jld2,on_policy,256,22,500,5,50,0.10080995503716715,0.10080995503716715,sample,search,0.0,-0.12868357224942883,-0.12990124770381017,-0.001217675454381352,0.010008949975218024,0.10491174048020542,0.1598347522698005,0.8032938931391185,0.06834159503117321,0.266826701773889,0.3328481859858772,0.006301236021049322,0.021785910525238227,0.02631412269116045,0.04271896654433974,0.0064527010545134544,1.6518914699554443
1100,/home/tbecker/code/MatrixAlphaZero.jl/experiments/dubin/dubin-2026-07-20/models_rm_plus_no_transfer_train/oracle1100.jld2,on_policy,256,18,500,5,50,0.1,0.1,sample,search,0.0,-0.11907871192670427,-0.11719835188796777,0.0018803600387365129,0.010184121011169882,0.10919794303877182,0.16263824135259208,0.5986482798081757,0.06522367365911844,0.27478228119103765,0.37739739399604383,-0.0014152982697002063,0.01862404029618224,0.023672947962922665,0.0444166337525293,0.0063698673620820045,1.6306860446929932
1110,/home/tbecker/code/MatrixAlphaZero.jl/experiments/dubin/dubin-2026-07-20/models_rm_plus_no_transfer_train/oracle1110.jld2,on_policy,256,19,500,5,50,0.1,0.1,sample,search,0.0,-0.13534823563531972,-0.10955930096287338,0.025788934672446345,0.011604371050672848,0.12592341770443247,0.18709284636076198,0.6770447968505521,0.07450373828547573,0.33840934391536587,0.43464830829383794,0.001030734735733852,0.025360100761429374,0.030239179960372835,0.0637357407213856,0.007048461586236954,1.8044061660766602
1120,/home/tbecker/code/MatrixAlphaZero.jl/experiments/dubin/dubin-2026-07-20/models_rm_plus_no_transfer_train/oracle1120.jld2,on_policy,256,25,500,5,50,0.1,0.1,sample,search,0.0,-0.13302348207798786,-0.14854548221313157,-0.01552200013514373,0.010894654320112699,0.10641732312252403,0.17466474498494744,0.9809109132870436,0.05882054816003529,0.2611047104863591,0.3852812400865553,-0.008305066248433973,0.01776635915226879,0.02161179781200329,0.040569154839213,0.006321649067103863,1.6183421611785889
1130,/home/tbecker/code/MatrixAlphaZero.jl/experiments/dubin/dubin-2026-07-20/models_rm_plus_no_transfer_train/oracle1130.jld2,on_policy,256,23,500,5,50,0.1,0.1,sample,search,0.0,-0.24025913160585333,-0.23124076322399653,0.00901836838185682,0.008969680745450565,0.09019948247838765,0.1435179431307251,0.9957394233271479,0.05558933005913995,0.21376114951914216,0.2618688929339898,-0.0023060097799043598,0.017258234132419382,0.024410653266871418,0.06528456075039443,0.0064650848507881165,1.6550617218017578
1140,/home/tbecker/code/MatrixAlphaZero.jl/experiments/dubin/dubin-2026-07-20/models_rm_plus_no_transfer_train/oracle1140.jld2,on_policy,256,19,500,5,50,0.1,0.1,sample,search,0.0,-0.1735713713351288,-0.20337449312556818,-0.029803121790439438,0.009490438934770685,0.10649502650407268,0.15445282780830416,0.741886351647824,0.0682121435905011,0.2561677080086538,0.3196889816563215,-0.015702498677981333,0.02382129405702068,0.02970602290953777,0.058954938260342676,0.006898131221532822,1.7659215927124023
1150,/home/tbecker/code/MatrixAlphaZero.jl/experiments/dubin/dubin-2026-07-20/models_rm_plus_no_transfer_train/oracle1150.jld2,on_policy,256,23,500,5,50,0.1,0.1,sample,search,0.0,-0.1518042159441393,-0.14866566342810528,0.00313855251603392,0.010409646726961125,0.11161925037081068,0.1662583546226465,0.768520670980215,0.06816926308947757,0.24820945402443553,0.34200367821272487,-0.0055115865413246454,0.017912340427711847,0.024119236403484033,0.05607443623831598,0.006635325960814953,1.698643445968628
1160,/home/tbecker/code/MatrixAlphaZero.jl/experiments/dubin/dubin-2026-07-20/models_rm_plus_no_transfer_train/oracle1160.jld2,on_policy,256,23,500,5,50,0.1,0.1,sample,search,0.0,-0.21645705373521196,-0.215288007683045,0.0011690460521669337,0.008878269346761577,0.09907851986198542,0.1417794119399988,0.5653852881192365,0.06224135349774868,0.25680273418107347,0.307356088230318,0.01110653782531132,0.025025448035026227,0.030988218203208854,0.062083617039035324,0.006718222051858902,1.719864845275879
1170,/home/tbecker/code/MatrixAlphaZero.jl/experiments/dubin/dubin-2026-07-20/models_rm_plus_no_transfer_train/oracle1170.jld2,on_policy,256,24,500,5,50,0.1,0.1,sample,search,0.0,-0.26482917621615343,-0.27711954535655914,-0.01229036914040578,0.01000085692778795,0.10886758911108961,0.16017310539718868,0.6755557170510292,0.06461703415659376,0.2583541704980123,0.3213873544359468,0.012002204851036985,0.02698361249026457,0.030823796090501787,0.05523574713277402,0.0055243875831365585,1.414243221282959
1180,/home/tbecker/code/MatrixAlphaZero.jl/experiments/dubin/dubin-2026-07-20/models_rm_plus_no_transfer_train/oracle1180.jld2,on_policy,256,19,500,5,50,0.1,0.1,sample,search,0.0,-0.25120055211300496,-0.2639670481635323,-0.012766496050527319,0.008240228510697395,0.09319323397452696,0.1322037508094163,0.4867253110551366,0.060242159461602746,0.21709943128196527,0.28790453317424985,0.0032063588959049924,0.01968054900438468,0.02514677828191867,0.054142092132027336,0.007083230651915073,1.8133070468902588
1190,/home/tbecker/code/MatrixAlphaZero.jl/experiments/dubin/dubin-2026-07-20/models_rm_plus_no_transfer_train/oracle1190.jld2,on_policy,256,21,500,5,50,0.1,0.1,sample,search,0.0,-0.20298061211360618,-0.20266536177137656,0.0003152503422296678,0.009856663730051505,0.10611879000197424,0.15739861325324012,0.6787347231989206,0.05587233321994915,0.2664621409421059,0.3533811031393218,-8.317126531344642e-5,0.01951245462236856,0.02392192961751178,0.05494883552213356,0.007003911770880222,1.793001413345337
1200,/home/tbecker/code/MatrixAlphaZero.jl/experiments/dubin/dubin-2026-07-20/models_rm_plus_no_transfer_train/oracle1200.jld2,on_policy,256,22,500,5,50,0.1,0.1,sample,search,0.0,-0.18758253949636128,-0.21390017115157828,-0.02631763165521698,0.010724013255596878,0.10530335632806528,0.1732592136482939,1.2638764821192292,0.06021915119459774,0.23296852886152758,0.36120260427289375,-0.0005786836543224955,0.024744601884463733,0.029242188761737477,0.05926792730661781,0.005905565805733204,1.5118248462677002
1210,/home/tbecker/code/MatrixAlphaZero.jl/experiments/dubin/dubin-2026-07-20/models_rm_plus_no_transfer_train/oracle1210.jld2,on_policy,256,20,500,5,50,0.1,0.1,sample,search,0.0,-0.0480689934338443,-0.03224183153971464,0.015827161894129648,0.011984309767094949,0.12202588757461817,0.1920274397189456,0.8207642469160776,0.06539735505225423,0.3220134140742045,0.4932395198133662,-0.003438278268257283,0.018869244560057032,0.023822526761136557,0.0429495673064873,0.005329976789653301,1.3644740581512451
1220,/home/tbecker/code/MatrixAlphaZero.jl/experiments/dubin/dubin-2026-07-20/models_rm_plus_no_transfer_train/oracle1220.jld2,on_policy,256,26,500,5,50,0.1,0.1,sample,search,0.0,-0.13908146160974866,-0.13382496765817445,0.0052564939515742145,0.009746822055422322,0.09422382020534799,0.1557330038064508,1.3159213673472405,0.05719471674566179,0.21785190191064358,0.2739259752288476,0.001530417910751588,0.015289410936807753,0.019502828828746245,0.048955550287820095,0.005627204664051533,1.4405643939971924
1221,/home/tbecker/code/MatrixAlphaZero.jl/experiments/dubin/dubin-2026-07-20/models_rm_plus_no_transfer_train/oracle1221.jld2,on_policy,256,20,500,5,50,0.1,0.1,sample,search,0.0,-0.14809214327397058,-0.1570909945529227,-0.008998851278952079,0.008826679763804319,0.09879216727223156,0.14123774147087112,0.5225821500332934,0.06675541550710486,0.24254302746992304,0.30677278383617557,0.008182846706389106,0.021866005421125108,0.028656556246378428,0.06893130231304878,0.005154455080628395,1.3195405006408691
